"parentEventID","eventID","samplingProtocol","sampleSizeValue","sampleSizeUnit","samplingEffort","eventDate","year","month","day","institutionCode","eventTime","habitat","fieldNumber","eventsRemarks","type","institutionID","datasetName","datasetID","language","rightsHolder","references","locationID","higherGeography","continent","waterBody","country","countryCode","locality","minimumDepthInMeters","maximumDepthInMeters","decimalLatitude","decimalLongitude","geodeticDatum","georeferencedBy"
"CCCP:ERFEN:2023","CCCP:ERFEN:2023:ZOO:SP-23-0426:E33:300","Red Bongo","1 L","L","62 muestras de un litro",2023-10-25,"2023","10","25","Dirección General Marítima (DIMAR)","18:37:00","Zona Pelágica","SP-23-0426:E33:300","La red de colecta fue de 300 um y la estación de toma de muestra fue la número 33","Event","830.027.904-1","Zooplancton del Crucero Oceanográfico Cuenca Pacífica Colombiana LXIII / XXVI Crucero Regional Conjunto CPPS","cecoldo.iden_09ef25db-2917-44ae-b3eb-d2266f0fad3e","es","Dirección General Marítima (DIMAR)","https://cecoldo.dimar.mil.co/geonetwork/srv/spa/catalog.search#/metadata/09ef25db-2917-44ae-b3eb-d2266f0fad3e","http://marineregions.org/mrgid/21972","América | Sudamérica | Colombia | Región del Pacífico","América del Sur","Océano Pacífico","Colombia","CO","Cuenca Pacífica Colombiana","0","0",2,-79,"WGS84","Laura Carolina Ortiz Mieles "
"CCCP:ERFEN:2023","CCCP:ERFEN:2023:ZOO:SP-23-0427:E33:500","Red Bongo","1 L","L","62 muestras de un litro",2023-10-25,"2023","10","25","Dirección General Marítima (DIMAR)","18:37:00","Zona Pelágica","SP-23-0427:E33:500","La red de colecta fue de 500 um y la estación de toma de muestra fue la número 33","Event","830.027.904-1","Zooplancton del Crucero Oceanográfico Cuenca Pacífica Colombiana LXIII / XXVI Crucero Regional Conjunto CPPS","cecoldo.iden_09ef25db-2917-44ae-b3eb-d2266f0fad3e","es","Dirección General Marítima (DIMAR)","https://cecoldo.dimar.mil.co/geonetwork/srv/spa/catalog.search#/metadata/09ef25db-2917-44ae-b3eb-d2266f0fad3e","http://marineregions.org/mrgid/21972","América | Sudamérica | Colombia | Región del Pacífico","América del Sur","Océano Pacífico","Colombia","CO","Cuenca Pacífica Colombiana","0","0",2,-79,"WGS84","Laura Carolina Ortiz Mieles "
"CCCP:ERFEN:2023","CCCP:ERFEN:2023:ZOO:SP-23-0443:E49:300","Red Bongo","1 L","L","62 muestras de un litro",2023-10-26,"2023","10","26","Dirección General Marítima (DIMAR)","10:32:00","Zona Pelágica","SP-23-0443:E49:300","La red de colecta fue de 300 um y la estación de toma de muestra fue la número 49","Event","830.027.904-1","Zooplancton del Crucero Oceanográfico Cuenca Pacífica Colombiana LXIII / XXVI Crucero Regional Conjunto CPPS","cecoldo.iden_09ef25db-2917-44ae-b3eb-d2266f0fad3e","es","Dirección General Marítima (DIMAR)","https://cecoldo.dimar.mil.co/geonetwork/srv/spa/catalog.search#/metadata/09ef25db-2917-44ae-b3eb-d2266f0fad3e","http://marineregions.org/mrgid/21972","América | Sudamérica | Colombia | Región del Pacífico","América del Sur","Océano Pacífico","Colombia","CO","Cuenca Pacífica Colombiana","0","0",2,-80,"WGS84","Laura Carolina Ortiz Mieles "
"CCCP:ERFEN:2023","CCCP:ERFEN:2023:ZOO:SP-23-0444:E49:500","Red Bongo","1 L","L","62 muestras de un litro",2023-10-26,"2023","10","26","Dirección General Marítima (DIMAR)","10:32:00","Zona Pelágica","SP-23-0444:E49:500","La red de colecta fue de 500 um y la estación de toma de muestra fue la número 49","Event","830.027.904-1","Zooplancton del Crucero Oceanográfico Cuenca Pacífica Colombiana LXIII / XXVI Crucero Regional Conjunto CPPS","cecoldo.iden_09ef25db-2917-44ae-b3eb-d2266f0fad3e","es","Dirección General Marítima (DIMAR)","https://cecoldo.dimar.mil.co/geonetwork/srv/spa/catalog.search#/metadata/09ef25db-2917-44ae-b3eb-d2266f0fad3e","http://marineregions.org/mrgid/21972","América | Sudamérica | Colombia | Región del Pacífico","América del Sur","Océano Pacífico","Colombia","CO","Cuenca Pacífica Colombiana","0","0",2,-80,"WGS84","Laura Carolina Ortiz Mieles "
"CCCP:ERFEN:2023","CCCP:ERFEN:2023:ZOO:SP-23-0452:E65:300","Red Bongo","1 L","L","62 muestras de un litro",2023-10-27,"2023","10","27","Dirección General Marítima (DIMAR)","01:22:00","Zona Pelágica","SP-23-0452:E65:300","La red de colecta fue de 300 um y la estación de toma de muestra fue la número 65","Event","830.027.904-1","Zooplancton del Crucero Oceanográfico Cuenca Pacífica Colombiana LXIII / XXVI Crucero Regional Conjunto CPPS","cecoldo.iden_09ef25db-2917-44ae-b3eb-d2266f0fad3e","es","Dirección General Marítima (DIMAR)","https://cecoldo.dimar.mil.co/geonetwork/srv/spa/catalog.search#/metadata/09ef25db-2917-44ae-b3eb-d2266f0fad3e","http://marineregions.org/mrgid/21972","América | Sudamérica | Colombia | Región del Pacífico","América del Sur","Océano Pacífico","Colombia","CO","Cuenca Pacífica Colombiana","0","0",2,-81,"WGS84","Laura Carolina Ortiz Mieles "
"CCCP:ERFEN:2023","CCCP:ERFEN:2023:ZOO:SP-23-0453:E65:500","Red Bongo","1 L","L","62 muestras de un litro",2023-10-27,"2023","10","27","Dirección General Marítima (DIMAR)","01:22:00","Zona Pelágica","SP-23-0453:E65:500","La red de colecta fue de 500 um y la estación de toma de muestra fue la número 65","Event","830.027.904-1","Zooplancton del Crucero Oceanográfico Cuenca Pacífica Colombiana LXIII / XXVI Crucero Regional Conjunto CPPS","cecoldo.iden_09ef25db-2917-44ae-b3eb-d2266f0fad3e","es","Dirección General Marítima (DIMAR)","https://cecoldo.dimar.mil.co/geonetwork/srv/spa/catalog.search#/metadata/09ef25db-2917-44ae-b3eb-d2266f0fad3e","http://marineregions.org/mrgid/21972","América | Sudamérica | Colombia | Región del Pacífico","América del Sur","Océano Pacífico","Colombia","CO","Cuenca Pacífica Colombiana","0","0",2,-81,"WGS84","Laura Carolina Ortiz Mieles "
"CCCP:ERFEN:2023","CCCP:ERFEN:2023:ZOO:SP-23-0462:E81:300","Red Bongo","1 L","L","62 muestras de un litro",2023-10-27,"2023","10","27","Dirección General Marítima (DIMAR)","16:18:00","Zona Pelágica","SP-23-0462:E81:300","La red de colecta fue de 300 um y la estación de toma de muestra fue la número 81","Event","830.027.904-1","Zooplancton del Crucero Oceanográfico Cuenca Pacífica Colombiana LXIII / XXVI Crucero Regional Conjunto CPPS","cecoldo.iden_09ef25db-2917-44ae-b3eb-d2266f0fad3e","es","Dirección General Marítima (DIMAR)","https://cecoldo.dimar.mil.co/geonetwork/srv/spa/catalog.search#/metadata/09ef25db-2917-44ae-b3eb-d2266f0fad3e","http://marineregions.org/mrgid/21972","América | Sudamérica | Colombia | Región del Pacífico","América del Sur","Océano Pacífico","Colombia","CO","Cuenca Pacífica Colombiana","0","0",2,-82,"WGS84","Laura Carolina Ortiz Mieles "
"CCCP:ERFEN:2023","CCCP:ERFEN:2023:ZOO:SP-23-0463:E81:500","Red Bongo","1 L","L","62 muestras de un litro",2023-10-27,"2023","10","27","Dirección General Marítima (DIMAR)","16:18:00","Zona Pelágica","SP-23-0463:E81:500","La red de colecta fue de 500 um y la estación de toma de muestra fue la número 81","Event","830.027.904-1","Zooplancton del Crucero Oceanográfico Cuenca Pacífica Colombiana LXIII / XXVI Crucero Regional Conjunto CPPS","cecoldo.iden_09ef25db-2917-44ae-b3eb-d2266f0fad3e","es","Dirección General Marítima (DIMAR)","https://cecoldo.dimar.mil.co/geonetwork/srv/spa/catalog.search#/metadata/09ef25db-2917-44ae-b3eb-d2266f0fad3e","http://marineregions.org/mrgid/21972","América | Sudamérica | Colombia | Región del Pacífico","América del Sur","Océano Pacífico","Colombia","CO","Cuenca Pacífica Colombiana","0","0",2,-82,"WGS84","Laura Carolina Ortiz Mieles "
"CCCP:ERFEN:2023","CCCP:ERFEN:2023:ZOO:SP-23-0472:E97:300","Red Bongo","1 L","L","62 muestras de un litro",2023-10-28,"2023","10","28","Dirección General Marítima (DIMAR)","07:58:00","Zona Pelágica","SP-23-0472:E97:300","La red de colecta fue de 300 um y la estación de toma de muestra fue la número 97","Event","830.027.904-1","Zooplancton del Crucero Oceanográfico Cuenca Pacífica Colombiana LXIII / XXVI Crucero Regional Conjunto CPPS","cecoldo.iden_09ef25db-2917-44ae-b3eb-d2266f0fad3e","es","Dirección General Marítima (DIMAR)","https://cecoldo.dimar.mil.co/geonetwork/srv/spa/catalog.search#/metadata/09ef25db-2917-44ae-b3eb-d2266f0fad3e","http://marineregions.org/mrgid/21972","América | Sudamérica | Colombia | Región del Pacífico","América del Sur","Océano Pacífico","Colombia","CO","Cuenca Pacífica Colombiana","0","0",2,-83,"WGS84","Laura Carolina Ortiz Mieles "
"CCCP:ERFEN:2023","CCCP:ERFEN:2023:ZOO:SP-23-0473:E97:500","Red Bongo","1 L","L","62 muestras de un litro",2023-10-28,"2023","10","28","Dirección General Marítima (DIMAR)","07:58:00","Zona Pelágica","SP-23-0473:E97:500","La red de colecta fue de 500 um y la estación de toma de muestra fue la número 97","Event","830.027.904-1","Zooplancton del Crucero Oceanográfico Cuenca Pacífica Colombiana LXIII / XXVI Crucero Regional Conjunto CPPS","cecoldo.iden_09ef25db-2917-44ae-b3eb-d2266f0fad3e","es","Dirección General Marítima (DIMAR)","https://cecoldo.dimar.mil.co/geonetwork/srv/spa/catalog.search#/metadata/09ef25db-2917-44ae-b3eb-d2266f0fad3e","http://marineregions.org/mrgid/21972","América | Sudamérica | Colombia | Región del Pacífico","América del Sur","Océano Pacífico","Colombia","CO","Cuenca Pacífica Colombiana","0","0",2,-83,"WGS84","Laura Carolina Ortiz Mieles "
"CCCP:ERFEN:2023","CCCP:ERFEN:2023:ZOO:SP-23-0482:E113:300","Red Bongo","1 L","L","62 muestras de un litro",2023-10-29,"2023","10","29","Dirección General Marítima (DIMAR)","00:12:00","Zona Pelágica","SP-23-0482:E113:300","La red de colecta fue de 300 um y la estación de toma de muestra fue la número 113","Event","830.027.904-1","Zooplancton del Crucero Oceanográfico Cuenca Pacífica Colombiana LXIII / XXVI Crucero Regional Conjunto CPPS","cecoldo.iden_09ef25db-2917-44ae-b3eb-d2266f0fad3e","es","Dirección General Marítima (DIMAR)","https://cecoldo.dimar.mil.co/geonetwork/srv/spa/catalog.search#/metadata/09ef25db-2917-44ae-b3eb-d2266f0fad3e","http://marineregions.org/mrgid/21972","América | Sudamérica | Colombia | Región del Pacífico","América del Sur","Océano Pacífico","Colombia","CO","Cuenca Pacífica Colombiana","0","0",2,-84,"WGS84","Laura Carolina Ortiz Mieles "
"CCCP:ERFEN:2023","CCCP:ERFEN:2023:ZOO:SP-23-0483:E113:500","Red Bongo","1 L","L","62 muestras de un litro",2023-10-29,"2023","10","29","Dirección General Marítima (DIMAR)","00:12:00","Zona Pelágica","SP-23-0483:E113:500","La red de colecta fue de 500 um y la estación de toma de muestra fue la número 113","Event","830.027.904-1","Zooplancton del Crucero Oceanográfico Cuenca Pacífica Colombiana LXIII / XXVI Crucero Regional Conjunto CPPS","cecoldo.iden_09ef25db-2917-44ae-b3eb-d2266f0fad3e","es","Dirección General Marítima (DIMAR)","https://cecoldo.dimar.mil.co/geonetwork/srv/spa/catalog.search#/metadata/09ef25db-2917-44ae-b3eb-d2266f0fad3e","http://marineregions.org/mrgid/21972","América | Sudamérica | Colombia | Región del Pacífico","América del Sur","Océano Pacífico","Colombia","CO","Cuenca Pacífica Colombiana","0","0",2,-84,"WGS84","Laura Carolina Ortiz Mieles "
"CCCP:ERFEN:2023","CCCP:ERFEN:2023:ZOO:SP-23-0492:E111:300","Red Bongo","1 L","L","62 muestras de un litro",2023-10-29,"2023","10","29","Dirección General Marítima (DIMAR)","09:49:00","Zona Pelágica","SP-23-0492:E111:300","La red de colecta fue de 300 um y la estación de toma de muestra fue la número 111","Event","830.027.904-1","Zooplancton del Crucero Oceanográfico Cuenca Pacífica Colombiana LXIII / XXVI Crucero Regional Conjunto CPPS","cecoldo.iden_09ef25db-2917-44ae-b3eb-d2266f0fad3e","es","Dirección General Marítima (DIMAR)","https://cecoldo.dimar.mil.co/geonetwork/srv/spa/catalog.search#/metadata/09ef25db-2917-44ae-b3eb-d2266f0fad3e","http://marineregions.org/mrgid/21972","América | Sudamérica | Colombia | Región del Pacífico","América del Sur","Océano Pacífico","Colombia","CO","Cuenca Pacífica Colombiana","0","0",3,-84,"WGS84","Laura Carolina Ortiz Mieles "
"CCCP:ERFEN:2023","CCCP:ERFEN:2023:ZOO:SP-23-0493:E111:500","Red Bongo","1 L","L","62 muestras de un litro",2023-10-29,"2023","10","29","Dirección General Marítima (DIMAR)","09:49:00","Zona Pelágica","SP-23-0493:E111:500","La red de colecta fue de 500 um y la estación de toma de muestra fue la número 111","Event","830.027.904-1","Zooplancton del Crucero Oceanográfico Cuenca Pacífica Colombiana LXIII / XXVI Crucero Regional Conjunto CPPS","cecoldo.iden_09ef25db-2917-44ae-b3eb-d2266f0fad3e","es","Dirección General Marítima (DIMAR)","https://cecoldo.dimar.mil.co/geonetwork/srv/spa/catalog.search#/metadata/09ef25db-2917-44ae-b3eb-d2266f0fad3e","http://marineregions.org/mrgid/21972","América | Sudamérica | Colombia | Región del Pacífico","América del Sur","Océano Pacífico","Colombia","CO","Cuenca Pacífica Colombiana","0","0",3,-84,"WGS84","Laura Carolina Ortiz Mieles "
"CCCP:ERFEN:2023","CCCP:ERFEN:2023:ZOO:SP-23-0502:E95:300","Red Bongo","1 L","L","62 muestras de un litro",2023-10-29,"2023","10","29","Dirección General Marítima (DIMAR)","18:58:00","Zona Pelágica","SP-23-0502:E95:300","La red de colecta fue de 300 um y la estación de toma de muestra fue la número 95","Event","830.027.904-1","Zooplancton del Crucero Oceanográfico Cuenca Pacífica Colombiana LXIII / XXVI Crucero Regional Conjunto CPPS","cecoldo.iden_09ef25db-2917-44ae-b3eb-d2266f0fad3e","es","Dirección General Marítima (DIMAR)","https://cecoldo.dimar.mil.co/geonetwork/srv/spa/catalog.search#/metadata/09ef25db-2917-44ae-b3eb-d2266f0fad3e","http://marineregions.org/mrgid/21972","América | Sudamérica | Colombia | Región del Pacífico","América del Sur","Océano Pacífico","Colombia","CO","Cuenca Pacífica Colombiana","0","0",3,-83,"WGS84","Laura Carolina Ortiz Mieles "
"CCCP:ERFEN:2023","CCCP:ERFEN:2023:ZOO:SP-23-0503:E95:500","Red Bongo","1 L","L","62 muestras de un litro",2023-10-29,"2023","10","29","Dirección General Marítima (DIMAR)","18:58:00","Zona Pelágica","SP-23-0503:E95:500","La red de colecta fue de 500 um y la estación de toma de muestra fue la número 95","Event","830.027.904-1","Zooplancton del Crucero Oceanográfico Cuenca Pacífica Colombiana LXIII / XXVI Crucero Regional Conjunto CPPS","cecoldo.iden_09ef25db-2917-44ae-b3eb-d2266f0fad3e","es","Dirección General Marítima (DIMAR)","https://cecoldo.dimar.mil.co/geonetwork/srv/spa/catalog.search#/metadata/09ef25db-2917-44ae-b3eb-d2266f0fad3e","http://marineregions.org/mrgid/21972","América | Sudamérica | Colombia | Región del Pacífico","América del Sur","Océano Pacífico","Colombia","CO","Cuenca Pacífica Colombiana","0","0",3,-83,"WGS84","Laura Carolina Ortiz Mieles "
"CCCP:ERFEN:2023","CCCP:ERFEN:2023:ZOO:SP-23-0512:E79:300","Red Bongo","1 L","L","62 muestras de un litro",2023-10-30,"2023","10","30","Dirección General Marítima (DIMAR)","03:59:00","Zona Pelágica","SP-23-0512:E79:300","La red de colecta fue de 300 um y la estación de toma de muestra fue la número 79","Event","830.027.904-1","Zooplancton del Crucero Oceanográfico Cuenca Pacífica Colombiana LXIII / XXVI Crucero Regional Conjunto CPPS","cecoldo.iden_09ef25db-2917-44ae-b3eb-d2266f0fad3e","es","Dirección General Marítima (DIMAR)","https://cecoldo.dimar.mil.co/geonetwork/srv/spa/catalog.search#/metadata/09ef25db-2917-44ae-b3eb-d2266f0fad3e","http://marineregions.org/mrgid/21972","América | Sudamérica | Colombia | Región del Pacífico","América del Sur","Océano Pacífico","Colombia","CO","Cuenca Pacífica Colombiana","0","0",3,-82,"WGS84","Laura Carolina Ortiz Mieles "
"CCCP:ERFEN:2023","CCCP:ERFEN:2023:ZOO:SP-23-0513:E79:500","Red Bongo","1 L","L","62 muestras de un litro",2023-10-30,"2023","10","30","Dirección General Marítima (DIMAR)","03:59:00","Zona Pelágica","SP-23-0513:E79:500","La red de colecta fue de 500 um y la estación de toma de muestra fue la número 79","Event","830.027.904-1","Zooplancton del Crucero Oceanográfico Cuenca Pacífica Colombiana LXIII / XXVI Crucero Regional Conjunto CPPS","cecoldo.iden_09ef25db-2917-44ae-b3eb-d2266f0fad3e","es","Dirección General Marítima (DIMAR)","https://cecoldo.dimar.mil.co/geonetwork/srv/spa/catalog.search#/metadata/09ef25db-2917-44ae-b3eb-d2266f0fad3e","http://marineregions.org/mrgid/21972","América | Sudamérica | Colombia | Región del Pacífico","América del Sur","Océano Pacífico","Colombia","CO","Cuenca Pacífica Colombiana","0","0",3,-82,"WGS84","Laura Carolina Ortiz Mieles "
"CCCP:ERFEN:2023","CCCP:ERFEN:2023:ZOO:SP-23-0522:E63:300","Red Bongo","1 L","L","62 muestras de un litro",2023-10-30,"2023","10","30","Dirección General Marítima (DIMAR)","13:07:00","Zona Pelágica","SP-23-0522:E63:300","La red de colecta fue de 300 um y la estación de toma de muestra fue la número 63","Event","830.027.904-1","Zooplancton del Crucero Oceanográfico Cuenca Pacífica Colombiana LXIII / XXVI Crucero Regional Conjunto CPPS","cecoldo.iden_09ef25db-2917-44ae-b3eb-d2266f0fad3e","es","Dirección General Marítima (DIMAR)","https://cecoldo.dimar.mil.co/geonetwork/srv/spa/catalog.search#/metadata/09ef25db-2917-44ae-b3eb-d2266f0fad3e","http://marineregions.org/mrgid/21972","América | Sudamérica | Colombia | Región del Pacífico","América del Sur","Océano Pacífico","Colombia","CO","Cuenca Pacífica Colombiana","0","0",3,-81,"WGS84","Laura Carolina Ortiz Mieles "
"CCCP:ERFEN:2023","CCCP:ERFEN:2023:ZOO:SP-23-0523:E63:500","Red Bongo","1 L","L","62 muestras de un litro",2023-10-30,"2023","10","30","Dirección General Marítima (DIMAR)","13:07:00","Zona Pelágica","SP-23-0523:E63:500","La red de colecta fue de 500 um y la estación de toma de muestra fue la número 63","Event","830.027.904-1","Zooplancton del Crucero Oceanográfico Cuenca Pacífica Colombiana LXIII / XXVI Crucero Regional Conjunto CPPS","cecoldo.iden_09ef25db-2917-44ae-b3eb-d2266f0fad3e","es","Dirección General Marítima (DIMAR)","https://cecoldo.dimar.mil.co/geonetwork/srv/spa/catalog.search#/metadata/09ef25db-2917-44ae-b3eb-d2266f0fad3e","http://marineregions.org/mrgid/21972","América | Sudamérica | Colombia | Región del Pacífico","América del Sur","Océano Pacífico","Colombia","CO","Cuenca Pacífica Colombiana","0","0",3,-81,"WGS84","Laura Carolina Ortiz Mieles "
"CCCP:ERFEN:2023","CCCP:ERFEN:2023:ZOO:SP-23-0535:E16:300","Red Bongo","1 L","L","62 muestras de un litro",2023-10-31,"2023","10","31","Dirección General Marítima (DIMAR)","22:55:00","Zona Pelágica","SP-23-0535:E16:300","La red de colecta fue de 300 um y la estación de toma de muestra fue la número 16","Event","830.027.904-1","Zooplancton del Crucero Oceanográfico Cuenca Pacífica Colombiana LXIII / XXVI Crucero Regional Conjunto CPPS","cecoldo.iden_09ef25db-2917-44ae-b3eb-d2266f0fad3e","es","Dirección General Marítima (DIMAR)","https://cecoldo.dimar.mil.co/geonetwork/srv/spa/catalog.search#/metadata/09ef25db-2917-44ae-b3eb-d2266f0fad3e","http://marineregions.org/mrgid/21972","América | Sudamérica | Colombia | Región del Pacífico","América del Sur","Océano Pacífico","Colombia","CO","Cuenca Pacífica Colombiana","0","0",3,-78,"WGS84","Laura Carolina Ortiz Mieles "
"CCCP:ERFEN:2023","CCCP:ERFEN:2023:ZOO:SP-23-0536:E16:500","Red Bongo","1 L","L","62 muestras de un litro",2023-10-31,"2023","10","31","Dirección General Marítima (DIMAR)","22:55:00","Zona Pelágica","SP-23-0536:E16:500","La red de colecta fue de 500 um y la estación de toma de muestra fue la número 16","Event","830.027.904-1","Zooplancton del Crucero Oceanográfico Cuenca Pacífica Colombiana LXIII / XXVI Crucero Regional Conjunto CPPS","cecoldo.iden_09ef25db-2917-44ae-b3eb-d2266f0fad3e","es","Dirección General Marítima (DIMAR)","https://cecoldo.dimar.mil.co/geonetwork/srv/spa/catalog.search#/metadata/09ef25db-2917-44ae-b3eb-d2266f0fad3e","http://marineregions.org/mrgid/21972","América | Sudamérica | Colombia | Región del Pacífico","América del Sur","Océano Pacífico","Colombia","CO","Cuenca Pacífica Colombiana","0","0",3,-78,"WGS84","Laura Carolina Ortiz Mieles "
"CCCP:ERFEN:2023","CCCP:ERFEN:2023:ZOO:SP-23-0550:E45:300","Red Bongo","1 L","L","62 muestras de un litro",2023-11-09,"2023","11","09","Dirección General Marítima (DIMAR)","15:15:00","Zona Pelágica","SP-23-0550:E45:300","La red de colecta fue de 300 um y la estación de toma de muestra fue la número 45","Event","830.027.904-1","Zooplancton del Crucero Oceanográfico Cuenca Pacífica Colombiana LXIII / XXVI Crucero Regional Conjunto CPPS","cecoldo.iden_09ef25db-2917-44ae-b3eb-d2266f0fad3e","es","Dirección General Marítima (DIMAR)","https://cecoldo.dimar.mil.co/geonetwork/srv/spa/catalog.search#/metadata/09ef25db-2917-44ae-b3eb-d2266f0fad3e","http://marineregions.org/mrgid/21972","América | Sudamérica | Colombia | Región del Pacífico","América del Sur","Océano Pacífico","Colombia","CO","Cuenca Pacífica Colombiana","0","0",4,-80,"WGS84","Laura Carolina Ortiz Mieles "
"CCCP:ERFEN:2023","CCCP:ERFEN:2023:ZOO:SP-23-0551:E45:500","Red Bongo","1 L","L","62 muestras de un litro",2023-11-09,"2023","11","09","Dirección General Marítima (DIMAR)","15:15:00","Zona Pelágica","SP-23-0551:E45:500","La red de colecta fue de 500 um y la estación de toma de muestra fue la número 45","Event","830.027.904-1","Zooplancton del Crucero Oceanográfico Cuenca Pacífica Colombiana LXIII / XXVI Crucero Regional Conjunto CPPS","cecoldo.iden_09ef25db-2917-44ae-b3eb-d2266f0fad3e","es","Dirección General Marítima (DIMAR)","https://cecoldo.dimar.mil.co/geonetwork/srv/spa/catalog.search#/metadata/09ef25db-2917-44ae-b3eb-d2266f0fad3e","http://marineregions.org/mrgid/21972","América | Sudamérica | Colombia | Región del Pacífico","América del Sur","Océano Pacífico","Colombia","CO","Cuenca Pacífica Colombiana","0","0",4,-80,"WGS84","Laura Carolina Ortiz Mieles "
"CCCP:ERFEN:2023","CCCP:ERFEN:2023:ZOO:SP-23-0560:E61:300","Red Bongo","1 L","L","62 muestras de un litro",2023-11-10,"2023","11","10","Dirección General Marítima (DIMAR)","00:17:00","Zona Pelágica","SP-23-0560:E61:300","La red de colecta fue de 300 um y la estación de toma de muestra fue la número 61","Event","830.027.904-1","Zooplancton del Crucero Oceanográfico Cuenca Pacífica Colombiana LXIII / XXVI Crucero Regional Conjunto CPPS","cecoldo.iden_09ef25db-2917-44ae-b3eb-d2266f0fad3e","es","Dirección General Marítima (DIMAR)","https://cecoldo.dimar.mil.co/geonetwork/srv/spa/catalog.search#/metadata/09ef25db-2917-44ae-b3eb-d2266f0fad3e","http://marineregions.org/mrgid/21972","América | Sudamérica | Colombia | Región del Pacífico","América del Sur","Océano Pacífico","Colombia","CO","Cuenca Pacífica Colombiana","0","0",4,-81,"WGS84","Laura Carolina Ortiz Mieles "
"CCCP:ERFEN:2023","CCCP:ERFEN:2023:ZOO:SP-23-0561:E61:500","Red Bongo","1 L","L","62 muestras de un litro",2023-11-10,"2023","11","10","Dirección General Marítima (DIMAR)","00:17:00","Zona Pelágica","SP-23-0561:E61:500","La red de colecta fue de 500 um y la estación de toma de muestra fue la número 61","Event","830.027.904-1","Zooplancton del Crucero Oceanográfico Cuenca Pacífica Colombiana LXIII / XXVI Crucero Regional Conjunto CPPS","cecoldo.iden_09ef25db-2917-44ae-b3eb-d2266f0fad3e","es","Dirección General Marítima (DIMAR)","https://cecoldo.dimar.mil.co/geonetwork/srv/spa/catalog.search#/metadata/09ef25db-2917-44ae-b3eb-d2266f0fad3e","http://marineregions.org/mrgid/21972","América | Sudamérica | Colombia | Región del Pacífico","América del Sur","Océano Pacífico","Colombia","CO","Cuenca Pacífica Colombiana","0","0",4,-81,"WGS84","Laura Carolina Ortiz Mieles "
"CCCP:ERFEN:2023","CCCP:ERFEN:2023:ZOO:SP-23-0595:E77:300","Red Bongo","1 L","L","62 muestras de un litro",2023-11-11,"2023","11","11","Dirección General Marítima (DIMAR)","01:57:00","Zona Pelágica","SP-23-0595:E77:300","La red de colecta fue de 300 um y la estación de toma de muestra fue la número 77","Event","830.027.904-1","Zooplancton del Crucero Oceanográfico Cuenca Pacífica Colombiana LXIII / XXVI Crucero Regional Conjunto CPPS","cecoldo.iden_09ef25db-2917-44ae-b3eb-d2266f0fad3e","es","Dirección General Marítima (DIMAR)","https://cecoldo.dimar.mil.co/geonetwork/srv/spa/catalog.search#/metadata/09ef25db-2917-44ae-b3eb-d2266f0fad3e","http://marineregions.org/mrgid/21972","América | Sudamérica | Colombia | Región del Pacífico","América del Sur","Océano Pacífico","Colombia","CO","Cuenca Pacífica Colombiana","0","0",4,-82,"WGS84","Laura Carolina Ortiz Mieles "
"CCCP:ERFEN:2023","CCCP:ERFEN:2023:ZOO:SP-23-0596:E77:500","Red Bongo","1 L","L","62 muestras de un litro",2023-11-11,"2023","11","11","Dirección General Marítima (DIMAR)","01:57:00","Zona Pelágica","SP-23-0596:E77:500","La red de colecta fue de 500 um y la estación de toma de muestra fue la número 77","Event","830.027.904-1","Zooplancton del Crucero Oceanográfico Cuenca Pacífica Colombiana LXIII / XXVI Crucero Regional Conjunto CPPS","cecoldo.iden_09ef25db-2917-44ae-b3eb-d2266f0fad3e","es","Dirección General Marítima (DIMAR)","https://cecoldo.dimar.mil.co/geonetwork/srv/spa/catalog.search#/metadata/09ef25db-2917-44ae-b3eb-d2266f0fad3e","http://marineregions.org/mrgid/21972","América | Sudamérica | Colombia | Región del Pacífico","América del Sur","Océano Pacífico","Colombia","CO","Cuenca Pacífica Colombiana","0","0",4,-82,"WGS84","Laura Carolina Ortiz Mieles "
"CCCP:ERFEN:2023","CCCP:ERFEN:2023:ZOO:SP-23-0605:E93:300","Red Bongo","1 L","L","62 muestras de un litro",2023-11-11,"2023","11","11","Dirección General Marítima (DIMAR)","14:01:00","Zona Pelágica","SP-23-0605:E93:300","La red de colecta fue de 300 um y la estación de toma de muestra fue la número 93","Event","830.027.904-1","Zooplancton del Crucero Oceanográfico Cuenca Pacífica Colombiana LXIII / XXVI Crucero Regional Conjunto CPPS","cecoldo.iden_09ef25db-2917-44ae-b3eb-d2266f0fad3e","es","Dirección General Marítima (DIMAR)","https://cecoldo.dimar.mil.co/geonetwork/srv/spa/catalog.search#/metadata/09ef25db-2917-44ae-b3eb-d2266f0fad3e","http://marineregions.org/mrgid/21972","América | Sudamérica | Colombia | Región del Pacífico","América del Sur","Océano Pacífico","Colombia","CO","Cuenca Pacífica Colombiana","0","0",4,-83,"WGS84","Laura Carolina Ortiz Mieles "
"CCCP:ERFEN:2023","CCCP:ERFEN:2023:ZOO:SP-23-0606:E93:500","Red Bongo","1 L","L","62 muestras de un litro",2023-11-11,"2023","11","11","Dirección General Marítima (DIMAR)","14:01:00","Zona Pelágica","SP-23-0606:E93:500","La red de colecta fue de 500 um y la estación de toma de muestra fue la número 93","Event","830.027.904-1","Zooplancton del Crucero Oceanográfico Cuenca Pacífica Colombiana LXIII / XXVI Crucero Regional Conjunto CPPS","cecoldo.iden_09ef25db-2917-44ae-b3eb-d2266f0fad3e","es","Dirección General Marítima (DIMAR)","https://cecoldo.dimar.mil.co/geonetwork/srv/spa/catalog.search#/metadata/09ef25db-2917-44ae-b3eb-d2266f0fad3e","http://marineregions.org/mrgid/21972","América | Sudamérica | Colombia | Región del Pacífico","América del Sur","Océano Pacífico","Colombia","CO","Cuenca Pacífica Colombiana","0","0",4,-83,"WGS84","Laura Carolina Ortiz Mieles "
"CCCP:ERFEN:2023","CCCP:ERFEN:2023:ZOO:SP-23-0615:E109:300","Red Bongo","1 L","L","62 muestras de un litro",2023-11-12,"2023","11","12","Dirección General Marítima (DIMAR)","02:48:00","Zona Pelágica","SP-23-0615:E109:300","La red de colecta fue de 300 um y la estación de toma de muestra fue la número 109","Event","830.027.904-1","Zooplancton del Crucero Oceanográfico Cuenca Pacífica Colombiana LXIII / XXVI Crucero Regional Conjunto CPPS","cecoldo.iden_09ef25db-2917-44ae-b3eb-d2266f0fad3e","es","Dirección General Marítima (DIMAR)","https://cecoldo.dimar.mil.co/geonetwork/srv/spa/catalog.search#/metadata/09ef25db-2917-44ae-b3eb-d2266f0fad3e","http://marineregions.org/mrgid/21972","América | Sudamérica | Colombia | Región del Pacífico","América del Sur","Océano Pacífico","Colombia","CO","Cuenca Pacífica Colombiana","0","0",4,84,"WGS84","Laura Carolina Ortiz Mieles "
"CCCP:ERFEN:2023","CCCP:ERFEN:2023:ZOO:SP-23-0616:E109:500","Red Bongo","1 L","L","62 muestras de un litro",2023-11-12,"2023","11","12","Dirección General Marítima (DIMAR)","02:48:00","Zona Pelágica","SP-23-0616:E109:500","La red de colecta fue de 500 um y la estación de toma de muestra fue la número 109","Event","830.027.904-1","Zooplancton del Crucero Oceanográfico Cuenca Pacífica Colombiana LXIII / XXVI Crucero Regional Conjunto CPPS","cecoldo.iden_09ef25db-2917-44ae-b3eb-d2266f0fad3e","es","Dirección General Marítima (DIMAR)","https://cecoldo.dimar.mil.co/geonetwork/srv/spa/catalog.search#/metadata/09ef25db-2917-44ae-b3eb-d2266f0fad3e","http://marineregions.org/mrgid/21972","América | Sudamérica | Colombia | Región del Pacífico","América del Sur","Océano Pacífico","Colombia","CO","Cuenca Pacífica Colombiana","0","0",4,84,"WGS84","Laura Carolina Ortiz Mieles "
"CCCP:ERFEN:2023","CCCP:ERFEN:2023:ZOO:SP-23-0625:E107:300","Red Bongo","1 L","L","62 muestras de un litro",2023-11-12,"2023","11","12","Dirección General Marítima (DIMAR)","13:02:00","Zona Pelágica","SP-23-0625:E107:300","La red de colecta fue de 300 um y la estación de toma de muestra fue la número 107","Event","830.027.904-1","Zooplancton del Crucero Oceanográfico Cuenca Pacífica Colombiana LXIII / XXVI Crucero Regional Conjunto CPPS","cecoldo.iden_09ef25db-2917-44ae-b3eb-d2266f0fad3e","es","Dirección General Marítima (DIMAR)","https://cecoldo.dimar.mil.co/geonetwork/srv/spa/catalog.search#/metadata/09ef25db-2917-44ae-b3eb-d2266f0fad3e","http://marineregions.org/mrgid/21972","América | Sudamérica | Colombia | Región del Pacífico","América del Sur","Océano Pacífico","Colombia","CO","Cuenca Pacífica Colombiana","0","0",5,-84,"WGS84","Laura Carolina Ortiz Mieles "
"CCCP:ERFEN:2023","CCCP:ERFEN:2023:ZOO:SP-23-0626:E107:500","Red Bongo","1 L","L","62 muestras de un litro",2023-11-12,"2023","11","12","Dirección General Marítima (DIMAR)","13:02:00","Zona Pelágica","SP-23-0626:E107:500","La red de colecta fue de 500 um y la estación de toma de muestra fue la número 107","Event","830.027.904-1","Zooplancton del Crucero Oceanográfico Cuenca Pacífica Colombiana LXIII / XXVI Crucero Regional Conjunto CPPS","cecoldo.iden_09ef25db-2917-44ae-b3eb-d2266f0fad3e","es","Dirección General Marítima (DIMAR)","https://cecoldo.dimar.mil.co/geonetwork/srv/spa/catalog.search#/metadata/09ef25db-2917-44ae-b3eb-d2266f0fad3e","http://marineregions.org/mrgid/21972","América | Sudamérica | Colombia | Región del Pacífico","América del Sur","Océano Pacífico","Colombia","CO","Cuenca Pacífica Colombiana","0","0",5,-84,"WGS84","Laura Carolina Ortiz Mieles "
"CCCP:ERFEN:2023","CCCP:ERFEN:2023:ZOO:SP-23-0635:E91:300","Red Bongo","1 L","L","62 muestras de un litro",2023-11-12,"2023","11","12","Dirección General Marítima (DIMAR)","21:13:00","Zona Pelágica","SP-23-0635:E91:300","La red de colecta fue de 300 um y la estación de toma de muestra fue la número 91","Event","830.027.904-1","Zooplancton del Crucero Oceanográfico Cuenca Pacífica Colombiana LXIII / XXVI Crucero Regional Conjunto CPPS","cecoldo.iden_09ef25db-2917-44ae-b3eb-d2266f0fad3e","es","Dirección General Marítima (DIMAR)","https://cecoldo.dimar.mil.co/geonetwork/srv/spa/catalog.search#/metadata/09ef25db-2917-44ae-b3eb-d2266f0fad3e","http://marineregions.org/mrgid/21972","América | Sudamérica | Colombia | Región del Pacífico","América del Sur","Océano Pacífico","Colombia","CO","Cuenca Pacífica Colombiana","0","0",5,-83,"WGS84","Laura Carolina Ortiz Mieles "
"CCCP:ERFEN:2023","CCCP:ERFEN:2023:ZOO:SP-23-0636:E91:500","Red Bongo","1 L","L","62 muestras de un litro",2023-11-12,"2023","11","12","Dirección General Marítima (DIMAR)","21:13:00","Zona Pelágica","SP-23-0636:E91:500","La red de colecta fue de 500 um y la estación de toma de muestra fue la número 91","Event","830.027.904-1","Zooplancton del Crucero Oceanográfico Cuenca Pacífica Colombiana LXIII / XXVI Crucero Regional Conjunto CPPS","cecoldo.iden_09ef25db-2917-44ae-b3eb-d2266f0fad3e","es","Dirección General Marítima (DIMAR)","https://cecoldo.dimar.mil.co/geonetwork/srv/spa/catalog.search#/metadata/09ef25db-2917-44ae-b3eb-d2266f0fad3e","http://marineregions.org/mrgid/21972","América | Sudamérica | Colombia | Región del Pacífico","América del Sur","Océano Pacífico","Colombia","CO","Cuenca Pacífica Colombiana","0","0",5,-83,"WGS84","Laura Carolina Ortiz Mieles "
"CCCP:ERFEN:2023","CCCP:ERFEN:2023:ZOO:SP-23-0645:E75:300","Red Bongo","1 L","L","62 muestras de un litro",2023-11-13,"2023","11","13","Dirección General Marítima (DIMAR)","05:40:00","Zona Pelágica","SP-23-0645:E75:300","La red de colecta fue de 300 um y la estación de toma de muestra fue la número 75","Event","830.027.904-1","Zooplancton del Crucero Oceanográfico Cuenca Pacífica Colombiana LXIII / XXVI Crucero Regional Conjunto CPPS","cecoldo.iden_09ef25db-2917-44ae-b3eb-d2266f0fad3e","es","Dirección General Marítima (DIMAR)","https://cecoldo.dimar.mil.co/geonetwork/srv/spa/catalog.search#/metadata/09ef25db-2917-44ae-b3eb-d2266f0fad3e","http://marineregions.org/mrgid/21972","América | Sudamérica | Colombia | Región del Pacífico","América del Sur","Océano Pacífico","Colombia","CO","Cuenca Pacífica Colombiana","0","0",5,-82,"WGS84","Laura Carolina Ortiz Mieles "
"CCCP:ERFEN:2023","CCCP:ERFEN:2023:ZOO:SP-23-0646:E75:500","Red Bongo","1 L","L","62 muestras de un litro",2023-11-13,"2023","11","13","Dirección General Marítima (DIMAR)","05:40:00","Zona Pelágica","SP-23-0646:E75:500","La red de colecta fue de 500 um y la estación de toma de muestra fue la número 75","Event","830.027.904-1","Zooplancton del Crucero Oceanográfico Cuenca Pacífica Colombiana LXIII / XXVI Crucero Regional Conjunto CPPS","cecoldo.iden_09ef25db-2917-44ae-b3eb-d2266f0fad3e","es","Dirección General Marítima (DIMAR)","https://cecoldo.dimar.mil.co/geonetwork/srv/spa/catalog.search#/metadata/09ef25db-2917-44ae-b3eb-d2266f0fad3e","http://marineregions.org/mrgid/21972","América | Sudamérica | Colombia | Región del Pacífico","América del Sur","Océano Pacífico","Colombia","CO","Cuenca Pacífica Colombiana","0","0",5,-82,"WGS84","Laura Carolina Ortiz Mieles "
"CCCP:ERFEN:2023","CCCP:ERFEN:2023:ZOO:SP-23-0655:E59:300","Red Bongo","1 L","L","62 muestras de un litro",2023-11-13,"2023","11","13","Dirección General Marítima (DIMAR)","14:09:00","Zona Pelágica","SP-23-0655:E59:300","La red de colecta fue de 300 um y la estación de toma de muestra fue la número 59","Event","830.027.904-1","Zooplancton del Crucero Oceanográfico Cuenca Pacífica Colombiana LXIII / XXVI Crucero Regional Conjunto CPPS","cecoldo.iden_09ef25db-2917-44ae-b3eb-d2266f0fad3e","es","Dirección General Marítima (DIMAR)","https://cecoldo.dimar.mil.co/geonetwork/srv/spa/catalog.search#/metadata/09ef25db-2917-44ae-b3eb-d2266f0fad3e","http://marineregions.org/mrgid/21972","América | Sudamérica | Colombia | Región del Pacífico","América del Sur","Océano Pacífico","Colombia","CO","Cuenca Pacífica Colombiana","0","0",5,-81,"WGS84","Laura Carolina Ortiz Mieles "
"CCCP:ERFEN:2023","CCCP:ERFEN:2023:ZOO:SP-23-0656:E59:500","Red Bongo","1 L","L","62 muestras de un litro",2023-11-13,"2023","11","13","Dirección General Marítima (DIMAR)","14:09:00","Zona Pelágica","SP-23-0656:E59:500","La red de colecta fue de 500 um y la estación de toma de muestra fue la número 59","Event","830.027.904-1","Zooplancton del Crucero Oceanográfico Cuenca Pacífica Colombiana LXIII / XXVI Crucero Regional Conjunto CPPS","cecoldo.iden_09ef25db-2917-44ae-b3eb-d2266f0fad3e","es","Dirección General Marítima (DIMAR)","https://cecoldo.dimar.mil.co/geonetwork/srv/spa/catalog.search#/metadata/09ef25db-2917-44ae-b3eb-d2266f0fad3e","http://marineregions.org/mrgid/21972","América | Sudamérica | Colombia | Región del Pacífico","América del Sur","Océano Pacífico","Colombia","CO","Cuenca Pacífica Colombiana","0","0",5,-81,"WGS84","Laura Carolina Ortiz Mieles "
"CCCP:ERFEN:2023","CCCP:ERFEN:2023:ZOO:SP-23-0665:E43:300","Red Bongo","1 L","L","62 muestras de un litro",2023-11-13,"2023","11","13","Dirección General Marítima (DIMAR)","22:40:00","Zona Pelágica","SP-23-0665:E43:300","La red de colecta fue de 300 um y la estación de toma de muestra fue la número 43","Event","830.027.904-1","Zooplancton del Crucero Oceanográfico Cuenca Pacífica Colombiana LXIII / XXVI Crucero Regional Conjunto CPPS","cecoldo.iden_09ef25db-2917-44ae-b3eb-d2266f0fad3e","es","Dirección General Marítima (DIMAR)","https://cecoldo.dimar.mil.co/geonetwork/srv/spa/catalog.search#/metadata/09ef25db-2917-44ae-b3eb-d2266f0fad3e","http://marineregions.org/mrgid/21972","América | Sudamérica | Colombia | Región del Pacífico","América del Sur","Océano Pacífico","Colombia","CO","Cuenca Pacífica Colombiana","0","0",5,-80,"WGS84","Laura Carolina Ortiz Mieles "
"CCCP:ERFEN:2023","CCCP:ERFEN:2023:ZOO:SP-23-0666:E43:500","Red Bongo","1 L","L","62 muestras de un litro",2023-11-13,"2023","11","13","Dirección General Marítima (DIMAR)","22:40:00","Zona Pelágica","SP-23-0666:E43:500","La red de colecta fue de 500 um y la estación de toma de muestra fue la número 43","Event","830.027.904-1","Zooplancton del Crucero Oceanográfico Cuenca Pacífica Colombiana LXIII / XXVI Crucero Regional Conjunto CPPS","cecoldo.iden_09ef25db-2917-44ae-b3eb-d2266f0fad3e","es","Dirección General Marítima (DIMAR)","https://cecoldo.dimar.mil.co/geonetwork/srv/spa/catalog.search#/metadata/09ef25db-2917-44ae-b3eb-d2266f0fad3e","http://marineregions.org/mrgid/21972","América | Sudamérica | Colombia | Región del Pacífico","América del Sur","Océano Pacífico","Colombia","CO","Cuenca Pacífica Colombiana","0","0",5,-80,"WGS84","Laura Carolina Ortiz Mieles "
"CCCP:ERFEN:2023","CCCP:ERFEN:2023:ZOO:SP-23-0705:E1:300","Red Bongo","1 L","L","62 muestras de un litro",2023-11-16,"2023","11","16","Dirección General Marítima (DIMAR)","06:44:00","Zona Pelágica","SP-23-0705:E1:300","La red de colecta fue de 300 um y la estación de toma de muestra fue la número 1","Event","830.027.904-1","Zooplancton del Crucero Oceanográfico Cuenca Pacífica Colombiana LXIII / XXVI Crucero Regional Conjunto CPPS","cecoldo.iden_09ef25db-2917-44ae-b3eb-d2266f0fad3e","es","Dirección General Marítima (DIMAR)","https://cecoldo.dimar.mil.co/geonetwork/srv/spa/catalog.search#/metadata/09ef25db-2917-44ae-b3eb-d2266f0fad3e","http://marineregions.org/mrgid/21972","América | Sudamérica | Colombia | Región del Pacífico","América del Sur","Océano Pacífico","Colombia","CO","Cuenca Pacífica Colombiana","0","0",6.5,-77.5,"WGS84","Laura Carolina Ortiz Mieles "
"CCCP:ERFEN:2023","CCCP:ERFEN:2023:ZOO:SP-23-0706:E1:500","Red Bongo","1 L","L","62 muestras de un litro",2023-11-16,"2023","11","16","Dirección General Marítima (DIMAR)","06:44:00","Zona Pelágica","SP-23-0706:E1:500","La red de colecta fue de 500 um y la estación de toma de muestra fue la número 1","Event","830.027.904-1","Zooplancton del Crucero Oceanográfico Cuenca Pacífica Colombiana LXIII / XXVI Crucero Regional Conjunto CPPS","cecoldo.iden_09ef25db-2917-44ae-b3eb-d2266f0fad3e","es","Dirección General Marítima (DIMAR)","https://cecoldo.dimar.mil.co/geonetwork/srv/spa/catalog.search#/metadata/09ef25db-2917-44ae-b3eb-d2266f0fad3e","http://marineregions.org/mrgid/21972","América | Sudamérica | Colombia | Región del Pacífico","América del Sur","Océano Pacífico","Colombia","CO","Cuenca Pacífica Colombiana","0","0",6.5,-77.5,"WGS84","Laura Carolina Ortiz Mieles "
"CCCP:ERFEN:2023","CCCP:ERFEN:2023:ZOO:SP-23-0713:E10:300","Red Bongo","1 L","L","62 muestras de un litro",2023-11-16,"2023","11","16","Dirección General Marítima (DIMAR)","13:00:00","Zona Pelágica","SP-23-0713:E10:300","La red de colecta fue de 300 um y la estación de toma de muestra fue la número 10","Event","830.027.904-1","Zooplancton del Crucero Oceanográfico Cuenca Pacífica Colombiana LXIII / XXVI Crucero Regional Conjunto CPPS","cecoldo.iden_09ef25db-2917-44ae-b3eb-d2266f0fad3e","es","Dirección General Marítima (DIMAR)","https://cecoldo.dimar.mil.co/geonetwork/srv/spa/catalog.search#/metadata/09ef25db-2917-44ae-b3eb-d2266f0fad3e","http://marineregions.org/mrgid/21972","América | Sudamérica | Colombia | Región del Pacífico","América del Sur","Océano Pacífico","Colombia","CO","Cuenca Pacífica Colombiana","0","0",6,-78,"WGS84","Laura Carolina Ortiz Mieles "
"CCCP:ERFEN:2023","CCCP:ERFEN:2023:ZOO:SP-23-0714:E10:500","Red Bongo","1 L","L","62 muestras de un litro",2023-11-16,"2023","11","16","Dirección General Marítima (DIMAR)","13:00:00","Zona Pelágica","SP-23-0714:E10:500","La red de colecta fue de 500 um y la estación de toma de muestra fue la número 10","Event","830.027.904-1","Zooplancton del Crucero Oceanográfico Cuenca Pacífica Colombiana LXIII / XXVI Crucero Regional Conjunto CPPS","cecoldo.iden_09ef25db-2917-44ae-b3eb-d2266f0fad3e","es","Dirección General Marítima (DIMAR)","https://cecoldo.dimar.mil.co/geonetwork/srv/spa/catalog.search#/metadata/09ef25db-2917-44ae-b3eb-d2266f0fad3e","http://marineregions.org/mrgid/21972","América | Sudamérica | Colombia | Región del Pacífico","América del Sur","Océano Pacífico","Colombia","CO","Cuenca Pacífica Colombiana","0","0",6,-78,"WGS84","Laura Carolina Ortiz Mieles "
"CCCP:ERFEN:2023","CCCP:ERFEN:2023:ZOO:SP-23-0723:E3:300","Red Bongo","1 L","L","62 muestras de un litro",2023-11-16,"2023","11","16","Dirección General Marítima (DIMAR)","21:12:00","Zona Pelágica","SP-23-0723:E3:300","La red de colecta fue de 300 um y la estación de toma de muestra fue la número 3","Event","830.027.904-1","Zooplancton del Crucero Oceanográfico Cuenca Pacífica Colombiana LXIII / XXVI Crucero Regional Conjunto CPPS","cecoldo.iden_09ef25db-2917-44ae-b3eb-d2266f0fad3e","es","Dirección General Marítima (DIMAR)","https://cecoldo.dimar.mil.co/geonetwork/srv/spa/catalog.search#/metadata/09ef25db-2917-44ae-b3eb-d2266f0fad3e","http://marineregions.org/mrgid/21972","América | Sudamérica | Colombia | Región del Pacífico","América del Sur","Océano Pacífico","Colombia","CO","Cuenca Pacífica Colombiana","0","0",5.5,-77.5,"WGS84","Laura Carolina Ortiz Mieles "
"CCCP:ERFEN:2023","CCCP:ERFEN:2023:ZOO:SP-23-0724:E3:500","Red Bongo","1 L","L","62 muestras de un litro",2023-11-16,"2023","11","16","Dirección General Marítima (DIMAR)","21:12:00","Zona Pelágica","SP-23-0724:E3:500","La red de colecta fue de 500 um y la estación de toma de muestra fue la número 3","Event","830.027.904-1","Zooplancton del Crucero Oceanográfico Cuenca Pacífica Colombiana LXIII / XXVI Crucero Regional Conjunto CPPS","cecoldo.iden_09ef25db-2917-44ae-b3eb-d2266f0fad3e","es","Dirección General Marítima (DIMAR)","https://cecoldo.dimar.mil.co/geonetwork/srv/spa/catalog.search#/metadata/09ef25db-2917-44ae-b3eb-d2266f0fad3e","http://marineregions.org/mrgid/21972","América | Sudamérica | Colombia | Región del Pacífico","América del Sur","Océano Pacífico","Colombia","CO","Cuenca Pacífica Colombiana","0","0",5.5,-77.5,"WGS84","Laura Carolina Ortiz Mieles "
"CCCP:ERFEN:2023","CCCP:ERFEN:2023:ZOO:SP-23-0729:E12:300","Red Bongo","1 L","L","62 muestras de un litro",2023-11-17,"2023","11","17","Dirección General Marítima (DIMAR)","04:53:00","Zona Pelágica","SP-23-0729:E12:300","La red de colecta fue de 300 um y la estación de toma de muestra fue la número 12","Event","830.027.904-1","Zooplancton del Crucero Oceanográfico Cuenca Pacífica Colombiana LXIII / XXVI Crucero Regional Conjunto CPPS","cecoldo.iden_09ef25db-2917-44ae-b3eb-d2266f0fad3e","es","Dirección General Marítima (DIMAR)","https://cecoldo.dimar.mil.co/geonetwork/srv/spa/catalog.search#/metadata/09ef25db-2917-44ae-b3eb-d2266f0fad3e","http://marineregions.org/mrgid/21972","América | Sudamérica | Colombia | Región del Pacífico","América del Sur","Océano Pacífico","Colombia","CO","Cuenca Pacífica Colombiana","0","0",5,-78,"WGS84","Laura Carolina Ortiz Mieles "
"CCCP:ERFEN:2023","CCCP:ERFEN:2023:ZOO:SP-23-0730:E12:500","Red Bongo","1 L","L","62 muestras de un litro",2023-11-17,"2023","11","17","Dirección General Marítima (DIMAR)","04:53:00","Zona Pelágica","SP-23-0730:E12:500","La red de colecta fue de 500 um y la estación de toma de muestra fue la número 12","Event","830.027.904-1","Zooplancton del Crucero Oceanográfico Cuenca Pacífica Colombiana LXIII / XXVI Crucero Regional Conjunto CPPS","cecoldo.iden_09ef25db-2917-44ae-b3eb-d2266f0fad3e","es","Dirección General Marítima (DIMAR)","https://cecoldo.dimar.mil.co/geonetwork/srv/spa/catalog.search#/metadata/09ef25db-2917-44ae-b3eb-d2266f0fad3e","http://marineregions.org/mrgid/21972","América | Sudamérica | Colombia | Región del Pacífico","América del Sur","Océano Pacífico","Colombia","CO","Cuenca Pacífica Colombiana","0","0",5,-78,"WGS84","Laura Carolina Ortiz Mieles "
"CCCP:ERFEN:2023","CCCP:ERFEN:2023:ZOO:SP-23-0739:E14:300","Red Bongo","1 L","L","62 muestras de un litro",2023-11-17,"2023","11","17","Dirección General Marítima (DIMAR)","18:53:00","Zona Pelágica","SP-23-0739:E14:300","La red de colecta fue de 300 um y la estación de toma de muestra fue la número 14","Event","830.027.904-1","Zooplancton del Crucero Oceanográfico Cuenca Pacífica Colombiana LXIII / XXVI Crucero Regional Conjunto CPPS","cecoldo.iden_09ef25db-2917-44ae-b3eb-d2266f0fad3e","es","Dirección General Marítima (DIMAR)","https://cecoldo.dimar.mil.co/geonetwork/srv/spa/catalog.search#/metadata/09ef25db-2917-44ae-b3eb-d2266f0fad3e","http://marineregions.org/mrgid/21972","América | Sudamérica | Colombia | Región del Pacífico","América del Sur","Océano Pacífico","Colombia","CO","Cuenca Pacífica Colombiana","0","0",4.5,-77.5,"WGS84","Laura Carolina Ortiz Mieles "
"CCCP:ERFEN:2023","CCCP:ERFEN:2023:ZOO:SP-23-0740:E14:500","Red Bongo","1 L","L","62 muestras de un litro",2023-11-17,"2023","11","17","Dirección General Marítima (DIMAR)","18:53:00","Zona Pelágica","SP-23-0740:E14:500","La red de colecta fue de 500 um y la estación de toma de muestra fue la número 14","Event","830.027.904-1","Zooplancton del Crucero Oceanográfico Cuenca Pacífica Colombiana LXIII / XXVI Crucero Regional Conjunto CPPS","cecoldo.iden_09ef25db-2917-44ae-b3eb-d2266f0fad3e","es","Dirección General Marítima (DIMAR)","https://cecoldo.dimar.mil.co/geonetwork/srv/spa/catalog.search#/metadata/09ef25db-2917-44ae-b3eb-d2266f0fad3e","http://marineregions.org/mrgid/21972","América | Sudamérica | Colombia | Región del Pacífico","América del Sur","Océano Pacífico","Colombia","CO","Cuenca Pacífica Colombiana","0","0",4.5,-77.5,"WGS84","Laura Carolina Ortiz Mieles "
"CCCP:ERFEN:2023","CCCP:ERFEN:2023:ZOO:SP-23-0749:E7:300","Red Bongo","1 L","L","62 muestras de un litro",2023-11-18,"2023","11","18","Dirección General Marítima (DIMAR)","01:35:00","Zona Pelágica","SP-23-0749:E7:300","La red de colecta fue de 300 um y la estación de toma de muestra fue la número 7","Event","830.027.904-1","Zooplancton del Crucero Oceanográfico Cuenca Pacífica Colombiana LXIII / XXVI Crucero Regional Conjunto CPPS","cecoldo.iden_09ef25db-2917-44ae-b3eb-d2266f0fad3e","es","Dirección General Marítima (DIMAR)","https://cecoldo.dimar.mil.co/geonetwork/srv/spa/catalog.search#/metadata/09ef25db-2917-44ae-b3eb-d2266f0fad3e","http://marineregions.org/mrgid/21972","América | Sudamérica | Colombia | Región del Pacífico","América del Sur","Océano Pacífico","Colombia","CO","Cuenca Pacífica Colombiana","0","0",3.5,-77.5,"WGS84","Laura Carolina Ortiz Mieles "
"CCCP:ERFEN:2023","CCCP:ERFEN:2023:ZOO:SP-23-0750:E7:500","Red Bongo","1 L","L","62 muestras de un litro",2023-11-18,"2023","11","18","Dirección General Marítima (DIMAR)","01:35:00","Zona Pelágica","SP-23-0750:E7:500","La red de colecta fue de 500 um y la estación de toma de muestra fue la número 7","Event","830.027.904-1","Zooplancton del Crucero Oceanográfico Cuenca Pacífica Colombiana LXIII / XXVI Crucero Regional Conjunto CPPS","cecoldo.iden_09ef25db-2917-44ae-b3eb-d2266f0fad3e","es","Dirección General Marítima (DIMAR)","https://cecoldo.dimar.mil.co/geonetwork/srv/spa/catalog.search#/metadata/09ef25db-2917-44ae-b3eb-d2266f0fad3e","http://marineregions.org/mrgid/21972","América | Sudamérica | Colombia | Región del Pacífico","América del Sur","Océano Pacífico","Colombia","CO","Cuenca Pacífica Colombiana","0","0",3.5,-77.5,"WGS84","Laura Carolina Ortiz Mieles "
"CCCP:ERFEN:2023","CCCP:ERFEN:2023:ZOO:SP-23-0675:E29:300","Red Bongo","1 L","L","62 muestras de un litro",2023-11-14,"2023","11","14","Dirección General Marítima (DIMAR)","11:18:00","Zona Pelágica","SP-23-0675:E29:300","La red de colecta fue de 300 um y la estación de toma de muestra fue la número 29","Event","830.027.904-1","Zooplancton del Crucero Oceanográfico Cuenca Pacífica Colombiana LXIII / XXVI Crucero Regional Conjunto CPPS","cecoldo.iden_09ef25db-2917-44ae-b3eb-d2266f0fad3e","es","Dirección General Marítima (DIMAR)","https://cecoldo.dimar.mil.co/geonetwork/srv/spa/catalog.search#/metadata/09ef25db-2917-44ae-b3eb-d2266f0fad3e","http://marineregions.org/mrgid/21972","América | Sudamérica | Colombia | Región del Pacífico","América del Sur","Océano Pacífico","Colombia","CO","Cuenca Pacífica Colombiana","0","0",4,-79,"WGS84","Laura Carolina Ortiz Mieles "
"CCCP:ERFEN:2023","CCCP:ERFEN:2023:ZOO:SP-23-0676:E29:500","Red Bongo","1 L","L","62 muestras de un litro",2023-11-14,"2023","11","14","Dirección General Marítima (DIMAR)","11:18:00","Zona Pelágica","SP-23-0676:E29:500","La red de colecta fue de 500 um y la estación de toma de muestra fue la número 29","Event","830.027.904-1","Zooplancton del Crucero Oceanográfico Cuenca Pacífica Colombiana LXIII / XXVI Crucero Regional Conjunto CPPS","cecoldo.iden_09ef25db-2917-44ae-b3eb-d2266f0fad3e","es","Dirección General Marítima (DIMAR)","https://cecoldo.dimar.mil.co/geonetwork/srv/spa/catalog.search#/metadata/09ef25db-2917-44ae-b3eb-d2266f0fad3e","http://marineregions.org/mrgid/21972","América | Sudamérica | Colombia | Región del Pacífico","América del Sur","Océano Pacífico","Colombia","CO","Cuenca Pacífica Colombiana","0","0",4,-79,"WGS84","Laura Carolina Ortiz Mieles "
"CCCP:ERFEN:2023","CCCP:ERFEN:2023:ZOO:SP-23-0685:E27:300","Red Bongo","1 L","L","62 muestras de un litro",2023-11-15,"2023","11","15","Dirección General Marítima (DIMAR)","00:52:00","Zona Pelágica","SP-23-0685:E27:300","La red de colecta fue de 300 um y la estación de toma de muestra fue la número 27","Event","830.027.904-1","Zooplancton del Crucero Oceanográfico Cuenca Pacífica Colombiana LXIII / XXVI Crucero Regional Conjunto CPPS","cecoldo.iden_09ef25db-2917-44ae-b3eb-d2266f0fad3e","es","Dirección General Marítima (DIMAR)","https://cecoldo.dimar.mil.co/geonetwork/srv/spa/catalog.search#/metadata/09ef25db-2917-44ae-b3eb-d2266f0fad3e","http://marineregions.org/mrgid/21972","América | Sudamérica | Colombia | Región del Pacífico","América del Sur","Océano Pacífico","Colombia","CO","Cuenca Pacífica Colombiana","0","0",5,-79,"WGS84","Laura Carolina Ortiz Mieles "
"CCCP:ERFEN:2023","CCCP:ERFEN:2023:ZOO:SP-23-0686:E27:500","Red Bongo","1 L","L","62 muestras de un litro",2023-11-15,"2023","11","15","Dirección General Marítima (DIMAR)","00:52:00","Zona Pelágica","SP-23-0686:E27:500","La red de colecta fue de 500 um y la estación de toma de muestra fue la número 27","Event","830.027.904-1","Zooplancton del Crucero Oceanográfico Cuenca Pacífica Colombiana LXIII / XXVI Crucero Regional Conjunto CPPS","cecoldo.iden_09ef25db-2917-44ae-b3eb-d2266f0fad3e","es","Dirección General Marítima (DIMAR)","https://cecoldo.dimar.mil.co/geonetwork/srv/spa/catalog.search#/metadata/09ef25db-2917-44ae-b3eb-d2266f0fad3e","http://marineregions.org/mrgid/21972","América | Sudamérica | Colombia | Región del Pacífico","América del Sur","Océano Pacífico","Colombia","CO","Cuenca Pacífica Colombiana","0","0",5,-79,"WGS84","Laura Carolina Ortiz Mieles "
"CCCP:ERFEN:2023","CCCP:ERFEN:2023:ZOO:SP-23-0695:E25:300","Red Bongo","1 L","L","62 muestras de un litro",2023-11-15,"2023","11","15","Dirección General Marítima (DIMAR)","14:24:00","Zona Pelágica","SP-23-0695:E25:300","La red de colecta fue de 300 um y la estación de toma de muestra fue la número 25","Event","830.027.904-1","Zooplancton del Crucero Oceanográfico Cuenca Pacífica Colombiana LXIII / XXVI Crucero Regional Conjunto CPPS","cecoldo.iden_09ef25db-2917-44ae-b3eb-d2266f0fad3e","es","Dirección General Marítima (DIMAR)","https://cecoldo.dimar.mil.co/geonetwork/srv/spa/catalog.search#/metadata/09ef25db-2917-44ae-b3eb-d2266f0fad3e","http://marineregions.org/mrgid/21972","América | Sudamérica | Colombia | Región del Pacífico","América del Sur","Océano Pacífico","Colombia","CO","Cuenca Pacífica Colombiana","0","0",6,-79,"WGS84","Laura Carolina Ortiz Mieles "
"CCCP:ERFEN:2023","CCCP:ERFEN:2023:ZOO:SP-23-0696:E25:500","Red Bongo","1 L","L","62 muestras de un litro",2023-11-15,"2023","11","15","Dirección General Marítima (DIMAR)","14:24:00","Zona Pelágica","SP-23-0696:E25:500","La red de colecta fue de 500 um y la estación de toma de muestra fue la número 25","Event","830.027.904-1","Zooplancton del Crucero Oceanográfico Cuenca Pacífica Colombiana LXIII / XXVI Crucero Regional Conjunto CPPS","cecoldo.iden_09ef25db-2917-44ae-b3eb-d2266f0fad3e","es","Dirección General Marítima (DIMAR)","https://cecoldo.dimar.mil.co/geonetwork/srv/spa/catalog.search#/metadata/09ef25db-2917-44ae-b3eb-d2266f0fad3e","http://marineregions.org/mrgid/21972","América | Sudamérica | Colombia | Región del Pacífico","América del Sur","Océano Pacífico","Colombia","CO","Cuenca Pacífica Colombiana","0","0",6,-79,"WGS84","Laura Carolina Ortiz Mieles "
"CCCP:ERFEN:2023","CCCP:ERFEN:2023:ZOO:SP-23-0754:E31:300","Red Bongo","1 L","L","62 muestras de un litro",2023-11-18,"2023","11","18","Dirección General Marítima (DIMAR)","16:27:00","Zona Pelágica","SP-23-0754:E31:300","La red de colecta fue de 300 um y la estación de toma de muestra fue la número 31","Event","830.027.904-1","Zooplancton del Crucero Oceanográfico Cuenca Pacífica Colombiana LXIII / XXVI Crucero Regional Conjunto CPPS","cecoldo.iden_09ef25db-2917-44ae-b3eb-d2266f0fad3e","es","Dirección General Marítima (DIMAR)","https://cecoldo.dimar.mil.co/geonetwork/srv/spa/catalog.search#/metadata/09ef25db-2917-44ae-b3eb-d2266f0fad3e","http://marineregions.org/mrgid/21972","América | Sudamérica | Colombia | Región del Pacífico","América del Sur","Océano Pacífico","Colombia","CO","Cuenca Pacífica Colombiana","0","0",3,-79,"WGS84","Laura Carolina Ortiz Mieles "
"CCCP:ERFEN:2023","CCCP:ERFEN:2023:ZOO:SP-23-0755:E31:500","Red Bongo","1 L","L","62 muestras de un litro",2023-11-18,"2023","11","18","Dirección General Marítima (DIMAR)","16:27:00","Zona Pelágica","SP-23-0755:E31:500","La red de colecta fue de 500 um y la estación de toma de muestra fue la número 31","Event","830.027.904-1","Zooplancton del Crucero Oceanográfico Cuenca Pacífica Colombiana LXIII / XXVI Crucero Regional Conjunto CPPS","cecoldo.iden_09ef25db-2917-44ae-b3eb-d2266f0fad3e","es","Dirección General Marítima (DIMAR)","https://cecoldo.dimar.mil.co/geonetwork/srv/spa/catalog.search#/metadata/09ef25db-2917-44ae-b3eb-d2266f0fad3e","http://marineregions.org/mrgid/21972","América | Sudamérica | Colombia | Región del Pacífico","América del Sur","Océano Pacífico","Colombia","CO","Cuenca Pacífica Colombiana","0","0",3,-79,"WGS84","Laura Carolina Ortiz Mieles "
